{
  "project_info": {
    "project_number": "469650221088",
    "project_id": "flutter-kt5",
    "storage_bucket": "flutter-kt5.firebasestorage.app"
  },
  "client": [
    {
      "client_info": {
        "mobilesdk_app_id": "1:469650221088:android:4e1a67582a7b902fd8f445",
        "android_client_info": {
          "package_name": "com.example.firebase_auth_demo"
        }
      },
      "oauth_client": [],
      "api_key": [
        {
          "current_key": "AIzaSyBykvyegkxUZuoeaKw5O8-fqvifoZpAoCs"
        }
      ],
      "services": {
        "appinvite_service": {
          "other_platform_oauth_client": []
        }
      }
    }
  ],
  "configuration_version": "1"
}